time,H_middle,H_upstream,Q_dam_middle,Q_dam_upstream,Q_in
2013-01-01 01:00:00,15.000041,20.000002,100.000000,100.000000,100.000000
2013-01-01 01:05:00,14.999991,19.999964,100.031521,100.023782,100.000000
2013-01-01 01:10:00,14.999995,19.999994,100.003232,99.985571,100.000000
2013-01-01 01:15:00,14.999996,19.999995,100.005264,100.000612,100.000000
2013-01-01 01:20:00,14.999997,19.999997,100.006033,100.000084,100.000000
2013-01-01 01:25:00,14.999997,19.999997,100.006075,100.000435,100.000000
2013-01-01 01:30:00,14.999998,19.999998,100.005861,100.000263,100.000000
2013-01-01 01:35:00,14.999998,19.999998,100.005541,100.000163,100.000000
2013-01-01 01:40:00,14.999998,19.999998,100.005185,100.000135,100.000000
2013-01-01 01:45:00,14.999998,19.999998,100.004827,100.000143,100.000000
2013-01-01 01:50:00,14.999999,19.999997,100.004483,100.000167,100.000000
2013-01-01 01:55:00,14.999999,19.999997,100.004160,100.000197,100.000000
2013-01-01 02:00:00,14.999999,19.999997,100.003858,100.000223,100.000000
2013-01-01 02:05:00,14.999999,19.999997,100.003581,100.000245,100.000000
2013-01-01 02:10:00,14.999999,19.999997,100.003327,100.000259,100.000000
2013-01-01 02:15:00,14.999999,19.999997,100.003097,100.000269,100.000000
2013-01-01 02:20:00,14.999999,19.999997,100.002887,100.000274,100.000000
2013-01-01 02:25:00,14.999999,19.999996,100.002697,100.000277,100.000000
2013-01-01 02:30:00,14.999999,19.999996,100.002523,100.000279,100.000000
2013-01-01 02:35:00,14.999999,19.999996,100.002364,100.000281,100.000000
2013-01-01 02:40:00,14.999999,19.999996,100.002217,100.000283,100.000000
2013-01-01 02:45:00,14.999999,19.999996,100.002082,100.000286,100.000000
2013-01-01 02:50:00,14.999999,19.999996,100.001956,100.000289,100.000000
2013-01-01 02:55:00,14.999999,19.999996,100.001839,100.000291,100.000000
2013-01-01 03:00:00,14.999999,19.999996,100.001730,100.000292,100.000000
2013-01-01 03:05:00,14.999999,19.999995,100.001630,100.000292,100.000000
2013-01-01 03:10:00,14.999999,19.999995,100.001538,100.000290,100.000000
2013-01-01 03:15:00,14.999999,19.999995,100.001453,100.000286,100.000000
2013-01-01 03:20:00,14.999998,19.999995,100.001376,100.000280,100.000000
2013-01-01 03:25:00,14.999998,19.999995,100.001305,100.000272,100.000000
2013-01-01 03:30:00,14.999998,19.999995,100.001242,100.000263,100.000000
2013-01-01 03:35:00,14.999998,19.999995,100.001183,100.000253,100.000000
2013-01-01 03:40:00,14.999998,19.999995,100.001130,100.000241,100.000000
2013-01-01 03:45:00,14.999998,19.999995,100.001082,100.000229,100.000000
2013-01-01 03:50:00,14.999998,19.999995,100.001038,100.000216,100.000000
2013-01-01 03:55:00,14.999998,19.999995,100.000997,100.000202,100.000000
2013-01-01 04:00:00,14.999998,19.999995,100.000959,100.000188,100.000000
2013-01-01 04:05:00,14.999998,19.999995,100.000923,100.000174,100.000000
2013-01-01 04:10:00,14.999997,19.999995,100.000890,100.000160,100.000000
2013-01-01 04:15:00,14.999997,19.999995,100.000858,100.000147,100.000000
2013-01-01 04:20:00,14.999997,19.999995,100.000828,100.000133,100.000000
2013-01-01 04:25:00,14.999997,19.999995,100.000799,100.000119,100.000000
2013-01-01 04:30:00,14.999997,19.999995,100.000771,100.000106,100.000000
2013-01-01 04:35:00,14.999997,19.999995,100.000743,100.000093,100.000000
2013-01-01 04:40:00,14.999997,19.999995,100.000717,100.000081,100.000000
2013-01-01 04:45:00,14.999997,19.999995,100.000690,100.000069,100.000000
2013-01-01 04:50:00,14.999997,19.999995,100.000664,100.000058,100.000000
2013-01-01 04:55:00,14.999997,19.999995,100.000638,100.000047,100.000000
2013-01-01 05:00:00,14.999997,19.999995,100.000613,100.000036,100.000000
2013-01-01 05:05:00,14.999996,19.999995,100.000588,100.000026,100.000000
2013-01-01 05:10:00,14.999996,19.999995,100.000562,100.000016,100.000000
2013-01-01 05:15:00,14.999996,19.999995,100.000537,100.000007,100.000000
2013-01-01 05:20:00,14.999996,19.999995,100.000512,99.999998,100.000000
2013-01-01 05:25:00,14.999996,19.999995,100.000488,99.999990,100.000000
2013-01-01 05:30:00,14.999996,19.999995,100.000463,99.999982,100.000000
2013-01-01 05:35:00,14.999996,19.999995,100.000439,99.999975,100.000000
2013-01-01 05:40:00,14.999996,19.999995,100.000414,99.999968,100.000000
2013-01-01 05:45:00,14.999996,19.999995,100.000390,99.999961,100.000000
2013-01-01 05:50:00,14.999996,19.999995,100.000367,99.999955,100.000000
2013-01-01 05:55:00,14.999996,19.999995,100.000343,99.999949,100.000000
2013-01-01 06:00:00,14.999996,19.999995,100.000320,99.999944,100.000000
2013-01-01 06:05:00,14.999996,19.999995,100.000297,99.999939,100.000000
2013-01-01 06:10:00,14.999996,19.999996,100.000274,99.999934,100.000000
2013-01-01 06:15:00,14.999996,19.999996,100.000252,99.999930,100.000000
2013-01-01 06:20:00,14.999996,19.999996,100.000230,99.999926,100.000000
2013-01-01 06:25:00,14.999996,19.999996,100.000209,99.999923,100.000000
2013-01-01 06:30:00,14.999996,19.999996,100.000188,99.999919,100.000000
2013-01-01 06:35:00,14.999996,19.999996,100.000168,99.999917,100.000000
2013-01-01 06:40:00,14.999996,19.999996,100.000148,99.999914,100.000000
2013-01-01 06:45:00,14.999996,19.999996,100.000129,99.999912,100.000000
2013-01-01 06:50:00,14.999996,19.999996,100.000111,99.999909,100.000000
2013-01-01 06:55:00,14.999996,19.999996,100.000093,99.999908,100.000000
2013-01-01 07:00:00,14.999996,19.999996,100.000075,99.999906,100.000000
2013-01-01 07:05:00,14.999996,19.999996,100.000059,99.999905,100.000000
2013-01-01 07:10:00,14.999996,19.999996,100.000043,99.999904,100.000000
2013-01-01 07:15:00,14.999996,19.999996,100.000028,99.999903,100.000000
2013-01-01 07:20:00,14.999996,19.999996,100.000013,99.999902,100.000000
2013-01-01 07:25:00,14.999996,19.999996,99.999999,99.999901,100.000000
2013-01-01 07:30:00,14.999996,19.999996,99.999986,99.999901,100.000000
2013-01-01 07:35:00,14.999996,19.999996,99.999974,99.999900,100.000000
2013-01-01 07:40:00,14.999996,19.999996,99.999962,99.999900,100.000000
2013-01-01 07:45:00,14.999996,19.999996,99.999951,99.999900,100.000000
2013-01-01 07:50:00,14.999996,19.999996,99.999941,99.999900,100.000000
2013-01-01 07:55:00,14.999996,19.999996,99.999931,99.999900,100.000000
2013-01-01 08:00:00,14.999996,19.999996,99.999922,99.999901,100.000000
2013-01-01 08:05:00,14.999996,19.999996,99.999914,99.999901,100.000000
2013-01-01 08:10:00,14.999996,19.999996,99.999906,99.999901,100.000000
2013-01-01 08:15:00,14.999996,19.999996,99.999899,99.999902,100.000000
2013-01-01 08:20:00,14.999996,19.999996,99.999893,99.999902,100.000000
2013-01-01 08:25:00,14.999996,19.999997,99.999887,99.999903,100.000000
2013-01-01 08:30:00,14.999996,19.999997,99.999881,99.999903,100.000000
2013-01-01 08:35:00,14.999996,19.999997,99.999876,99.999904,100.000000
2013-01-01 08:40:00,14.999996,19.999997,99.999872,99.999905,100.000000
2013-01-01 08:45:00,14.999996,19.999997,99.999868,99.999905,100.000000
2013-01-01 08:50:00,14.999996,19.999997,99.999864,99.999906,100.000000
2013-01-01 08:55:00,14.999996,19.999997,99.999861,99.999906,100.000000
2013-01-01 09:00:00,14.999996,19.999997,99.999858,99.999907,100.000000
2013-01-01 09:05:00,14.999996,19.999997,99.999856,99.999907,100.000000
2013-01-01 09:10:00,14.999996,19.999997,99.999854,99.999908,100.000000
2013-01-01 09:15:00,14.999996,19.999997,99.999852,99.999908,100.000000
2013-01-01 09:20:00,14.999997,19.999997,99.999850,99.999909,100.000000
2013-01-01 09:25:00,14.999997,19.999997,99.999849,99.999909,100.000000
2013-01-01 09:30:00,14.999997,19.999997,99.999848,99.999909,100.000000
2013-01-01 09:35:00,14.999997,19.999997,99.999847,99.999910,100.000000
2013-01-01 09:40:00,14.999997,19.999997,99.999846,99.999910,100.000000
2013-01-01 09:45:00,14.999997,19.999997,99.999846,99.999910,100.000000
2013-01-01 09:50:00,14.999997,19.999997,99.999845,99.999910,100.000000
2013-01-01 09:55:00,14.999997,19.999997,99.999845,99.999910,100.000000
2013-01-01 10:00:00,14.999997,19.999997,99.999844,99.999910,100.000000
2013-01-01 10:05:00,14.999997,19.999997,99.999844,99.999910,100.000000
2013-01-01 10:10:00,14.999997,19.999997,99.999844,99.999910,100.000000
2013-01-01 10:15:00,14.999997,19.999997,99.999844,99.999910,100.000000
2013-01-01 10:20:00,14.999997,19.999997,99.999844,99.999909,100.000000
2013-01-01 10:25:00,14.999997,19.999997,99.999844,99.999908,100.000000
2013-01-01 10:30:00,14.999997,19.999997,99.999844,99.999904,100.000000
2013-01-01 10:35:00,14.999997,19.999997,99.999844,99.999901,100.000000
2013-01-01 10:40:00,14.999997,19.999997,99.999844,99.999907,100.000000
2013-01-01 10:45:00,14.999997,19.999997,99.999844,99.999899,100.000000
2013-01-01 10:50:00,14.999997,19.999997,99.999844,99.999904,100.000000
2013-01-01 10:55:00,14.999997,19.999997,99.999844,99.999905,100.000000
2013-01-01 11:00:00,14.999997,19.999998,99.999844,99.999903,100.000000
2013-01-01 11:05:00,14.999997,19.999998,99.999843,99.999901,100.000000
2013-01-01 11:10:00,14.999997,19.999998,99.999843,99.999900,100.000000
2013-01-01 11:15:00,14.999997,19.999998,99.999843,99.999898,100.000000
2013-01-01 11:20:00,14.999997,19.999998,99.999842,99.999896,100.000000
2013-01-01 11:25:00,14.999997,19.999998,99.999842,99.999894,100.000000
2013-01-01 11:30:00,14.999997,19.999998,99.999841,99.999892,100.000000
2013-01-01 11:35:00,14.999997,19.999998,99.999840,99.999890,100.000000
2013-01-01 11:40:00,14.999997,19.999998,99.999840,99.999888,100.000000
2013-01-01 11:45:00,14.999997,19.999998,99.999839,99.999886,100.000000
2013-01-01 11:50:00,14.999997,19.999998,99.999837,99.999883,100.000000
2013-01-01 11:55:00,14.999997,19.999998,99.999836,99.999881,100.000000
2013-01-01 12:00:00,14.999997,19.999998,99.999835,99.999878,100.000000
2013-01-01 12:05:00,14.999997,19.999998,99.999833,99.999875,100.000000
2013-01-01 12:10:00,14.999997,19.999998,99.999832,99.999872,100.000000
2013-01-01 12:15:00,14.999997,19.999998,99.999830,99.999869,100.000000
2013-01-01 12:20:00,14.999997,19.999998,99.999828,99.999865,100.000000
2013-01-01 12:25:00,14.999997,19.999998,99.999826,99.999862,100.000000
2013-01-01 12:30:00,14.999997,19.999998,99.999823,99.999858,100.000000
2013-01-01 12:35:00,14.999997,19.999998,99.999821,99.999854,100.000000
2013-01-01 12:40:00,14.999997,19.999999,99.999818,99.999850,100.000000
2013-01-01 12:45:00,14.999997,19.999999,99.999815,99.999846,100.000000
2013-01-01 12:50:00,14.999998,19.999999,99.999812,99.999842,100.000000
2013-01-01 12:55:00,14.999998,19.999999,99.999809,99.999837,100.000000
2013-01-01 13:00:00,14.999998,19.999999,99.999806,99.999833,100.000000
2013-01-01 13:05:00,14.999998,19.999999,99.999802,99.999828,100.000000
2013-01-01 13:10:00,14.999998,19.999999,99.999798,99.999823,100.000000
2013-01-01 13:15:00,14.999998,19.999999,99.999794,99.999818,100.000000
2013-01-01 13:20:00,14.999998,19.999999,99.999790,99.999812,100.000000
2013-01-01 13:25:00,14.999998,19.999999,99.999785,99.999807,100.000000
2013-01-01 13:30:00,14.999998,19.999999,99.999781,99.999801,100.000000
2013-01-01 13:35:00,14.999998,19.999999,99.999776,99.999796,100.000000
2013-01-01 13:40:00,14.999998,20.000000,99.999771,99.999790,100.000000
2013-01-01 13:45:00,14.999998,20.000000,99.999766,99.999783,100.000000
2013-01-01 13:50:00,14.999998,20.000000,99.999760,99.999777,100.000000
2013-01-01 13:55:00,14.999998,20.000000,99.999755,99.999771,100.000000
2013-01-01 14:00:00,14.999998,20.000000,99.999749,99.999764,100.000000
2013-01-01 14:05:00,14.999998,20.000000,99.999743,99.999758,100.000000
2013-01-01 14:10:00,14.999998,20.000000,99.999736,99.999751,100.000000
2013-01-01 14:15:00,14.999998,20.000000,99.999730,99.999744,100.000000
2013-01-01 14:20:00,14.999998,20.000000,99.999723,99.999737,100.000000
2013-01-01 14:25:00,14.999998,20.000000,99.999716,99.999731,100.000000
2013-01-01 14:30:00,14.999998,20.000001,99.999709,99.999724,100.000000
2013-01-01 14:35:00,14.999998,20.000001,99.999702,99.999717,100.000000
2013-01-01 14:40:00,14.999998,20.000001,99.999694,99.999711,100.000000
2013-01-01 14:45:00,14.999998,20.000001,99.999687,99.999705,100.000000
2013-01-01 14:50:00,14.999998,20.000001,99.999679,99.999699,100.000000
2013-01-01 14:55:00,14.999999,20.000001,99.999671,99.999693,100.000000
2013-01-01 15:00:00,14.999999,20.000001,99.999663,99.999688,100.000000
2013-01-01 15:05:00,14.999999,20.000001,99.999654,99.999684,100.000000
2013-01-01 15:10:00,14.999999,20.000002,99.999646,99.999679,100.000000
2013-01-01 15:15:00,14.999999,20.000002,99.999637,99.999676,100.000000
2013-01-01 15:20:00,14.999999,20.000002,99.999629,99.999671,100.000000
2013-01-01 15:25:00,14.999999,20.000002,99.999620,99.999666,100.000000
2013-01-01 15:30:00,14.999999,20.000002,99.999611,99.999661,100.000000
2013-01-01 15:35:00,14.999999,20.000002,99.999623,100.037234,166.666667
2013-01-01 15:40:00,14.999999,20.000002,99.999829,100.245258,233.333333
2013-01-01 15:45:00,14.999999,20.000003,100.000976,100.892633,300.000000
2013-01-01 15:50:00,14.999999,20.000003,100.005378,102.381111,366.666667
2013-01-01 15:55:00,14.999999,20.000003,100.018726,105.194014,433.333333
2013-01-01 16:00:00,14.999999,20.000003,100.052812,109.813772,500.000000
2013-01-01 16:05:00,14.999999,20.000003,100.128968,116.603100,500.000000
2013-01-01 16:10:00,14.999999,20.000003,100.281593,125.698268,500.000000
2013-01-01 16:15:00,15.000000,20.000003,100.560791,136.967260,500.000000
2013-01-01 16:20:00,15.000000,20.000003,101.033000,150.048795,500.000000
2013-01-01 16:25:00,15.000000,20.000003,101.778714,164.447084,500.000000
2013-01-01 16:30:00,15.000000,20.000002,102.886983,179.638148,500.000000
2013-01-01 16:35:00,15.000000,20.000002,104.447227,195.151542,500.000000
2013-01-01 16:40:00,15.000000,20.000002,106.539668,210.613209,500.000000
2013-01-01 16:45:00,15.000000,20.000002,109.226219,225.754204,500.000000
2013-01-01 16:50:00,15.000000,20.000001,112.543617,240.398471,500.000000
2013-01-01 16:55:00,15.000000,20.000001,116.500133,254.442306,500.000000
2013-01-01 17:00:00,15.000000,20.000001,121.076299,267.833671,500.000000
2013-01-01 17:05:00,15.000000,20.000001,126.229177,280.555114,500.000000
2013-01-01 17:10:00,15.000000,20.000001,131.898972,292.611135,500.000000
2013-01-01 17:15:00,15.000000,20.000000,138.016493,304.019440,500.000000
2013-01-01 17:20:00,15.000000,20.000000,144.510079,314.805162,500.000000
2013-01-01 17:25:00,15.000000,20.000000,151.311037,324.997145,500.000000
2013-01-01 17:30:00,15.000000,20.000000,158.357188,334.625627,500.000000
2013-01-01 17:35:00,15.000000,20.000000,165.594588,343.720836,500.000000
2013-01-01 17:40:00,15.000000,20.000000,172.977799,352.312184,500.000000
2013-01-01 17:45:00,15.000000,20.000000,180.469186,360.427841,500.000000
2013-01-01 17:50:00,15.000000,20.000000,188.037731,368.094549,500.000000
2013-01-01 17:55:00,15.000000,20.000000,195.657689,375.337571,500.000000
2013-01-01 18:00:00,15.000000,20.000000,203.307345,382.180718,500.000000
2013-01-01 18:05:00,15.000000,20.000000,210.967983,388.646420,500.000000
2013-01-01 18:10:00,15.000000,20.000000,218.623082,394.755803,500.000000
2013-01-01 18:15:00,15.000000,20.000000,226.257758,400.528770,500.000000
2013-01-01 18:20:00,15.000000,20.000000,233.858371,405.984082,500.000000
2013-01-01 18:25:00,15.000000,20.000000,241.412290,411.139422,500.000000
2013-01-01 18:30:00,15.000000,20.000000,248.907748,416.011467,500.000000
2013-01-01 18:35:00,15.000000,20.000000,256.333766,420.615944,500.000000
2013-01-01 18:40:00,15.000000,20.000000,263.680108,424.967684,500.000000
2013-01-01 18:45:00,14.999999,20.000000,270.937273,429.080677,500.000000
2013-01-01 18:50:00,14.999999,20.000000,278.096485,432.968118,500.000000
2013-01-01 18:55:00,14.999999,20.000000,285.149692,436.642457,500.000000
2013-01-01 19:00:00,14.999999,20.000000,292.089564,440.115439,500.000000
2013-01-01 19:05:00,14.999999,20.000000,298.909488,443.398149,500.000000
2013-01-01 19:10:00,14.999999,19.999999,305.603561,446.501049,500.000000
2013-01-01 19:15:00,14.999999,19.999999,312.166573,449.434015,500.000000
2013-01-01 19:20:00,14.999999,19.999999,318.593993,452.206372,500.000000
2013-01-01 19:25:00,14.999999,19.999999,324.881945,454.826926,500.000000
2013-01-01 19:30:00,14.999999,19.999999,331.027186,457.303996,500.000000
2013-01-01 19:35:00,14.999999,19.999999,337.027076,459.645437,500.000000
2013-01-01 19:40:00,14.999999,19.999999,342.879548,461.858674,500.000000
2013-01-01 19:45:00,14.999999,19.999999,348.583078,463.950722,500.000000
2013-01-01 19:50:00,14.999999,19.999999,354.136651,465.928209,500.000000
2013-01-01 19:55:00,14.999999,19.999999,359.539729,467.797399,500.000000
2013-01-01 20:00:00,14.999999,19.999999,364.792212,469.564215,500.000000
2013-01-01 20:05:00,14.999999,19.999999,369.894410,471.234253,500.000000
2013-01-01 20:10:00,14.999999,19.999999,374.847007,472.812804,500.000000
2013-01-01 20:15:00,14.999999,19.999999,379.651027,474.304869,500.000000
2013-01-01 20:20:00,14.999999,19.999999,384.307806,475.715178,500.000000
2013-01-01 20:25:00,14.999999,19.999999,388.818956,477.048200,500.000000
2013-01-01 20:30:00,14.999999,19.999999,393.186341,478.308160,500.000000
2013-01-01 20:35:00,14.999999,19.999999,397.412047,479.499056,500.000000
2013-01-01 20:40:00,14.999999,19.999999,401.498355,480.624663,500.000000
2013-01-01 20:45:00,14.999999,19.999999,405.447717,481.688554,500.000000
2013-01-01 20:50:00,14.999999,19.999999,409.262732,482.694104,500.000000
2013-01-01 20:55:00,14.999999,19.999999,412.946128,483.644507,500.000000
2013-01-01 21:00:00,14.999999,19.999999,416.500735,484.542780,500.000000
2013-01-01 21:05:00,14.999999,19.999999,419.929472,485.391777,500.000000
2013-01-01 21:10:00,14.999999,19.999999,423.235330,486.194196,500.000000
2013-01-01 21:15:00,14.999999,19.999999,426.421352,486.952586,500.000000
2013-01-01 21:20:00,14.999999,19.999999,429.490622,487.669360,500.000000
2013-01-01 21:25:00,14.999999,19.999999,432.446249,488.346796,500.000000
2013-01-01 21:30:00,14.999999,19.999999,435.291360,488.987050,500.000000
2013-01-01 21:35:00,14.999999,19.999999,438.029083,489.592160,500.000000
2013-01-01 21:40:00,14.999999,19.999999,440.662543,490.164051,500.000000
2013-01-01 21:45:00,14.999999,19.999999,443.194848,490.704543,500.000000
2013-01-01 21:50:00,14.999999,19.999999,445.629084,491.215359,500.000000
2013-01-01 21:55:00,14.999999,19.999999,447.968309,491.698125,500.000000
2013-01-01 22:00:00,14.999999,19.999999,450.215544,492.154380,500.000000
2013-01-01 22:05:00,14.999999,19.999999,452.373770,492.585577,500.000000
2013-01-01 22:10:00,14.999999,19.999999,454.445921,492.993091,500.000000
2013-01-01 22:15:00,14.999999,19.999999,456.434883,493.378221,500.000000
2013-01-01 22:20:00,14.999999,19.999999,458.343486,493.742195,500.000000
2013-01-01 22:25:00,14.999999,19.999999,460.174506,494.086174,500.000000
2013-01-01 22:30:00,14.999999,19.999999,461.930659,494.411256,500.000000
2013-01-01 22:35:00,14.999999,19.999999,463.614600,494.718477,500.000000
2013-01-01 22:40:00,14.999999,19.999999,465.228922,495.008817,500.000000
2013-01-01 22:45:00,14.999999,19.999999,466.776152,495.283205,500.000000
2013-01-01 22:50:00,14.999999,19.999999,468.258754,495.542514,500.000000
2013-01-01 22:55:00,14.999999,19.999999,469.679125,495.787574,500.000000
2013-01-01 23:00:00,14.999999,19.999999,471.039599,496.019166,500.000000
2013-01-01 23:05:00,14.999999,19.999999,472.342440,496.238031,500.000000
2013-01-01 23:10:00,14.999999,19.999999,473.589848,496.444866,500.000000
2013-01-01 23:15:00,14.999999,19.999999,474.783957,496.640334,500.000000
2013-01-01 23:20:00,14.999999,19.999999,475.926836,496.825058,500.000000
2013-01-01 23:25:00,14.999999,19.999999,477.020489,496.999628,500.000000
2013-01-01 23:30:00,14.999999,19.999999,478.066854,497.164602,500.000000
2013-01-01 23:35:00,14.999999,19.999999,479.067811,497.320508,500.000000
2013-01-01 23:40:00,14.999999,19.999999,480.025172,497.467844,500.000000
2013-01-01 23:45:00,14.999999,19.999999,480.940693,497.607080,500.000000
2013-01-01 23:50:00,14.999999,19.999999,481.816066,497.738662,500.000000
2013-01-01 23:55:00,14.999999,19.999999,482.652926,497.863009,500.000000
2013-01-02 00:00:00,14.999999,19.999999,483.452852,497.980521,500.000000
2013-01-02 00:05:00,14.999999,19.999999,484.217365,498.091572,500.000000
2013-01-02 00:10:00,14.999999,19.999999,484.947932,498.196518,500.000000
2013-01-02 00:15:00,14.999999,19.999999,485.645965,498.295693,500.000000
2013-01-02 00:20:00,14.999999,19.999999,486.312826,498.389416,500.000000
2013-01-02 00:25:00,14.999999,19.999999,486.949826,498.477985,500.000000
2013-01-02 00:30:00,14.999999,19.999999,487.558224,498.561685,500.000000
2013-01-02 00:35:00,14.999999,19.999999,488.139236,498.640783,500.000000
2013-01-02 00:40:00,14.999999,19.999999,488.694027,498.715531,500.000000
2013-01-02 00:45:00,14.999999,19.999999,489.223720,498.786169,500.000000
2013-01-02 00:50:00,14.999999,19.999999,489.729392,498.852924,500.000000
2013-01-02 00:55:00,14.999999,19.999999,490.212080,498.916007,500.000000
2013-01-02 01:00:00,14.999999,19.999999,490.672779,498.975622,500.000000
2013-01-02 01:05:00,14.999999,19.999999,491.112443,499.031958,500.000000
2013-01-02 01:10:00,14.999999,19.999999,491.531990,499.085197,500.000000
2013-01-02 01:15:00,14.999999,19.999999,491.932300,499.135508,500.000000
2013-01-02 01:20:00,14.999999,19.999999,492.314217,499.183052,500.000000
2013-01-02 01:25:00,14.999999,19.999999,492.678552,499.227982,500.000000
2013-01-02 01:30:00,14.999999,19.999999,493.026081,499.270441,500.000000
2013-01-02 01:35:00,14.999999,19.999999,493.357548,499.310566,500.000000
2013-01-02 01:40:00,14.999999,19.999999,493.673667,499.348484,500.000000
2013-01-02 01:45:00,14.999999,19.999999,493.975123,499.384316,500.000000
2013-01-02 01:50:00,14.999999,19.999998,494.262570,499.418178,500.000000
2013-01-02 01:55:00,14.999999,19.999998,494.536637,499.450178,500.000000
2013-01-02 02:00:00,14.999999,19.999998,494.797924,499.480418,500.000000
2013-01-02 02:05:00,14.999999,19.999998,495.047007,499.508996,500.000000
2013-01-02 02:10:00,14.999999,19.999998,495.284437,499.536001,500.000000
2013-01-02 02:15:00,14.999999,19.999998,495.510741,499.561522,500.000000
2013-01-02 02:20:00,14.999999,19.999998,495.726425,499.585639,500.000000
2013-01-02 02:25:00,14.999999,19.999998,495.931971,499.608430,500.000000
2013-01-02 02:30:00,14.999999,19.999998,496.127841,499.629967,500.000000
2013-01-02 02:35:00,14.999999,19.999998,496.314477,499.650320,500.000000
2013-01-02 02:40:00,14.999999,19.999998,496.492302,499.669554,500.000000
2013-01-02 02:45:00,14.999999,19.999998,496.661720,499.687730,500.000000
2013-01-02 02:50:00,14.999999,19.999998,496.823118,499.704906,500.000000
2013-01-02 02:55:00,14.999999,19.999998,496.976864,499.721138,500.000000
2013-01-02 03:00:00,14.999999,19.999998,497.123312,499.736477,500.000000
2013-01-02 03:05:00,14.999999,19.999998,497.262800,499.750973,500.000000
2013-01-02 03:10:00,14.999999,19.999998,497.395648,499.764672,500.000000
2013-01-02 03:15:00,14.999999,19.999998,497.522167,499.777617,500.000000
2013-01-02 03:20:00,14.999999,19.999998,497.642649,499.789850,500.000000
2013-01-02 03:25:00,14.999999,19.999998,497.757375,499.801411,500.000000
2013-01-02 03:30:00,14.999999,19.999998,497.866615,499.812336,500.000000
2013-01-02 03:35:00,14.999999,19.999998,497.970625,499.822660,500.000000
2013-01-02 03:40:00,14.999999,19.999998,498.069649,499.832417,500.000000
2013-01-02 03:45:00,14.999999,19.999998,498.163920,499.841637,500.000000
2013-01-02 03:50:00,14.999999,19.999998,498.253663,499.850350,500.000000
2013-01-02 03:55:00,14.999999,19.999998,498.339089,499.858585,500.000000
2013-01-02 04:00:00,14.999999,19.999998,498.420402,499.866367,500.000000
2013-01-02 04:05:00,14.999999,19.999998,498.497757,499.822350,433.333333
2013-01-02 04:10:00,14.999999,19.999998,498.571037,499.556053,366.666667
2013-01-02 04:15:00,14.999999,19.999998,498.639195,498.752878,300.000000
2013-01-02 04:20:00,14.999999,19.999998,498.698912,496.985993,233.333333
2013-01-02 04:25:00,14.999999,19.999997,498.742468,493.783002,166.666667
2013-01-02 04:30:00,14.999999,19.999997,498.755009,488.696857,100.000000
2013-01-02 04:35:00,14.999999,19.999997,498.711682,481.411043,100.000000
2013-01-02 04:40:00,14.999999,19.999997,498.575372,471.837410,100.000000
2013-01-02 04:45:00,14.999999,19.999997,498.295833,460.150545,100.000000
2013-01-02 04:50:00,14.999999,19.999997,497.810864,446.747554,100.000000
2013-01-02 04:55:00,14.999999,19.999997,497.049737,432.158339,100.000000
2013-01-02 05:00:00,14.999999,19.999997,495.938535,416.942849,100.000000
2013-01-02 05:05:00,14.999999,19.999996,494.406607,401.605323,100.000000
2013-01-02 05:10:00,14.999999,19.999996,492.393025,386.541387,100.000000
2013-01-02 05:15:00,14.999998,19.999996,489.851968,372.019823,100.000000
2013-01-02 05:20:00,14.999998,19.999996,486.756250,358.191403,100.000000
2013-01-02 05:25:00,14.999998,19.999996,483.098588,345.113433,100.000000
2013-01-02 05:30:00,14.999998,19.999996,478.890702,332.779387,100.000000
2013-01-02 05:35:00,14.999998,19.999996,474.160668,321.146150,100.000000
2013-01-02 05:40:00,14.999998,19.999996,468.949163,310.154995,100.000000
2013-01-02 05:45:00,14.999998,19.999996,463.305287,299.745378,100.000000
2013-01-02 05:50:00,14.999998,19.999996,457.282535,289.862430,100.000000
2013-01-02 05:55:00,14.999998,19.999995,450.935355,280.459843,100.000000
2013-01-02 06:00:00,14.999998,19.999995,444.316501,271.499925,100.000000
2013-01-02 06:05:00,14.999998,19.999995,437.475241,262.952244,100.000000
2013-01-02 06:10:00,14.999998,19.999995,430.456336,254.791870,100.000000
2013-01-02 06:15:00,14.999998,19.999995,423.299642,246.997752,100.000000
2013-01-02 06:20:00,14.999998,19.999995,416.040160,239.551476,100.000000
2013-01-02 06:25:00,14.999998,19.999995,408.708364,232.436431,100.000000
2013-01-02 06:30:00,14.999998,19.999995,401.330675,225.637314,100.000000
2013-01-02 06:35:00,14.999997,19.999995,393.929973,219.139860,100.000000
2013-01-02 06:40:00,14.999997,19.999995,386.526097,212.930711,100.000000
2013-01-02 06:45:00,14.999997,19.999995,379.136286,206.997345,100.000000
2013-01-02 06:50:00,14.999997,19.999995,371.775559,201.328029,100.000000
2013-01-02 06:55:00,14.999997,19.999995,364.457027,195.911768,100.000000
2013-01-02 07:00:00,14.999997,19.999995,357.192153,190.738244,100.000000
2013-01-02 07:05:00,14.999997,19.999995,349.990967,185.797757,100.000000
2013-01-02 07:10:00,14.999997,19.999995,342.862237,181.081155,100.000000
2013-01-02 07:15:00,14.999997,19.999995,335.813625,176.579784,100.000000
2013-01-02 07:20:00,14.999997,19.999995,328.851807,172.285423,100.000000
2013-01-02 07:25:00,14.999997,19.999995,321.982591,168.190249,100.000000
2013-01-02 07:30:00,14.999997,19.999995,315.211010,164.286792,100.000000
2013-01-02 07:35:00,14.999997,19.999995,308.541409,160.567902,100.000000
2013-01-02 07:40:00,14.999997,19.999995,301.977523,157.026728,100.000000
2013-01-02 07:45:00,14.999997,19.999995,295.522543,153.656685,100.000000
2013-01-02 07:50:00,14.999997,19.999995,289.179179,150.451436,100.000000
2013-01-02 07:55:00,14.999997,19.999995,282.949713,147.404868,100.000000
2013-01-02 08:00:00,14.999997,19.999995,276.836047,144.511077,100.000000
2013-01-02 08:05:00,14.999996,19.999995,270.839747,141.764343,100.000000
2013-01-02 08:10:00,14.999996,19.999995,264.962078,139.159118,100.000000
2013-01-02 08:15:00,14.999996,19.999995,259.204046,136.690010,100.000000
2013-01-02 08:20:00,14.999996,19.999995,253.566420,134.351768,100.000000
2013-01-02 08:25:00,14.999996,19.999995,248.049762,132.139273,100.000000
2013-01-02 08:30:00,14.999996,19.999995,242.654455,130.047525,100.000000
2013-01-02 08:35:00,14.999996,19.999995,237.380716,128.071640,100.000000
2013-01-02 08:40:00,14.999996,19.999995,232.228621,126.206840,100.000000
2013-01-02 08:45:00,14.999996,19.999995,227.198117,124.448452,100.000000
2013-01-02 08:50:00,14.999996,19.999995,222.289038,122.791902,100.000000
2013-01-02 08:55:00,14.999996,19.999995,217.501113,121.232718,100.000000
2013-01-02 09:00:00,14.999996,19.999995,212.833981,119.766524,100.000000
2013-01-02 09:05:00,14.999996,19.999995,208.287194,118.389045,100.000000
2013-01-02 09:10:00,14.999996,19.999995,203.860228,117.096107,100.000000
2013-01-02 09:15:00,14.999996,19.999995,199.552486,115.883638,100.000000
2013-01-02 09:20:00,14.999996,19.999995,195.363302,114.747671,100.000000
2013-01-02 09:25:00,14.999996,19.999995,191.291944,113.684345,100.000000
2013-01-02 09:30:00,14.999996,19.999995,187.337618,112.689910,100.000000
2013-01-02 09:35:00,14.999996,19.999995,183.499468,111.760729,100.000000
2013-01-02 09:40:00,14.999996,19.999996,179.776575,110.893276,100.000000
2013-01-02 09:45:00,14.999996,19.999996,176.167961,110.084148,100.000000
2013-01-02 09:50:00,14.999996,19.999996,172.672585,109.330056,100.000000
2013-01-02 09:55:00,14.999996,19.999996,169.289344,108.627834,100.000000
2013-01-02 10:00:00,14.999996,19.999996,166.017073,107.974439,100.000000
2013-01-02 10:05:00,14.999996,19.999996,162.854542,107.366950,100.000000
2013-01-02 10:10:00,14.999996,19.999996,159.800453,106.802568,100.000000
2013-01-02 10:15:00,14.999996,19.999996,156.853445,106.278620,100.000000
2013-01-02 10:20:00,14.999996,19.999996,154.012086,105.792552,100.000000
2013-01-02 10:25:00,14.999996,19.999996,151.274877,105.341935,100.000000
2013-01-02 10:30:00,14.999996,19.999996,148.640249,104.924458,100.000000
2013-01-02 10:35:00,14.999996,19.999996,146.106562,104.537928,100.000000
2013-01-02 10:40:00,14.999996,19.999996,143.672106,104.180267,100.000000
2013-01-02 10:45:00,14.999996,19.999996,141.335104,103.849511,100.000000
2013-01-02 10:50:00,14.999996,19.999996,139.093708,103.543806,100.000000
2013-01-02 10:55:00,14.999996,19.999996,136.946001,103.261404,100.000000
2013-01-02 11:00:00,14.999996,19.999996,134.890005,103.000659,100.000000
2013-01-02 11:05:00,14.999996,19.999996,132.923675,102.760025,100.000000
2013-01-02 11:10:00,14.999996,19.999996,131.044908,102.538053,100.000000
2013-01-02 11:15:00,14.999996,19.999996,129.251544,102.333382,100.000000
2013-01-02 11:20:00,14.999996,19.999996,127.541370,102.144741,100.000000
2013-01-02 11:25:00,14.999996,19.999996,125.912127,101.970940,100.000000
2013-01-02 11:30:00,14.999996,19.999996,124.361510,101.810871,100.000000
2013-01-02 11:35:00,14.999996,19.999996,122.887180,101.663499,100.000000
2013-01-02 11:40:00,14.999996,19.999996,121.486763,101.527859,100.000000
2013-01-02 11:45:00,14.999996,19.999996,120.157863,101.403056,100.000000
2013-01-02 11:50:00,14.999996,19.999996,118.898063,101.288256,100.000000
2013-01-02 11:55:00,14.999996,19.999996,117.704934,101.182685,100.000000
2013-01-02 12:00:00,14.999996,19.999996,116.576041,101.085625,100.000000
2013-01-02 12:05:00,14.999996,19.999996,115.508950,100.996411,100.000000
2013-01-02 12:10:00,14.999996,19.999996,114.501234,100.914426,100.000000
2013-01-02 12:15:00,14.999996,19.999996,113.550482,100.839100,100.000000
2013-01-02 12:20:00,14.999996,19.999996,112.654303,100.769905,100.000000
2013-01-02 12:25:00,14.999996,19.999996,111.810332,100.706352,100.000000
2013-01-02 12:30:00,14.999996,19.999996,111.016239,100.647992,100.000000
2013-01-02 12:35:00,14.999996,19.999996,110.269728,100.594408,100.000000
2013-01-02 12:40:00,14.999996,19.999996,109.568552,100.545216,100.000000
2013-01-02 12:45:00,14.999996,19.999996,108.910510,100.500062,100.000000
2013-01-02 12:50:00,14.999996,19.999996,108.293452,100.458619,100.000000
2013-01-02 12:55:00,14.999996,19.999996,107.715287,100.420588,100.000000
2013-01-02 13:00:00,14.999996,19.999996,107.173983,100.385690,100.000000
2013-01-02 13:05:00,14.999996,19.999996,106.667572,100.353671,100.000000
2013-01-02 13:10:00,14.999996,19.999996,106.194149,100.324295,100.000000
2013-01-02 13:15:00,14.999996,19.999996,105.751878,100.297347,100.000000
2013-01-02 13:20:00,14.999996,19.999997,105.338991,100.272628,100.000000
2013-01-02 13:25:00,14.999996,19.999997,104.953788,100.249955,100.000000
2013-01-02 13:30:00,14.999996,19.999997,104.594642,100.229160,100.000000
2013-01-02 13:35:00,14.999996,19.999997,104.259994,100.210089,100.000000
2013-01-02 13:40:00,14.999996,19.999997,103.948355,100.192600,100.000000
2013-01-02 13:45:00,14.999996,19.999997,103.658307,100.176562,100.000000
2013-01-02 13:50:00,14.999997,19.999997,103.388499,100.161856,100.000000
2013-01-02 13:55:00,14.999997,19.999997,103.137648,100.148371,100.000000
2013-01-02 14:00:00,14.999997,19.999997,102.904537,100.136007,100.000000
2013-01-02 14:05:00,14.999997,19.999997,102.688014,100.124671,100.000000
2013-01-02 14:10:00,14.999997,19.999997,102.486989,100.114278,100.000000
2013-01-02 14:15:00,14.999997,19.999997,102.300432,100.104750,100.000000
2013-01-02 14:20:00,14.999997,19.999997,102.127372,100.096014,100.000000
2013-01-02 14:25:00,14.999997,19.999997,101.966895,100.088006,100.000000
2013-01-02 14:30:00,14.999997,19.999997,101.818141,100.080665,100.000000
2013-01-02 14:35:00,14.999997,19.999997,101.680302,100.073935,100.000000
2013-01-02 14:40:00,14.999997,19.999997,101.552619,100.067766,100.000000
2013-01-02 14:45:00,14.999997,19.999997,101.434381,100.062111,100.000000
2013-01-02 14:50:00,14.999997,19.999997,101.324922,100.056927,100.000000
2013-01-02 14:55:00,14.999997,19.999997,101.223619,100.052176,100.000000
2013-01-02 15:00:00,14.999997,19.999997,101.129889,100.047820,100.000000
2013-01-02 15:05:00,14.999997,19.999997,101.043188,100.043828,100.000000
2013-01-02 15:10:00,14.999997,19.999997,100.963008,100.040169,100.000000
2013-01-02 15:15:00,14.999997,19.999997,100.888875,100.036815,100.000000
2013-01-02 15:20:00,14.999997,19.999997,100.820348,100.033740,100.000000
2013-01-02 15:25:00,14.999997,19.999997,100.757016,100.030923,100.000000
2013-01-02 15:30:00,14.999997,19.999997,100.698496,100.028340,100.000000
2013-01-02 15:35:00,14.999997,19.999997,100.644431,100.025973,100.000000
2013-01-02 15:40:00,14.999997,19.999997,100.594493,100.023803,100.000000
2013-01-02 15:45:00,14.999997,19.999997,100.548372,100.021815,100.000000
2013-01-02 15:50:00,14.999997,19.999997,100.505783,100.019992,100.000000
2013-01-02 15:55:00,14.999997,19.999997,100.466463,100.018322,100.000000
2013-01-02 16:00:00,14.999997,19.999997,100.430164,100.016791,100.000000
2013-01-02 16:05:00,14.999997,19.999997,100.396659,100.015388,100.000000
2013-01-02 16:10:00,14.999997,19.999997,100.365737,100.014102,100.000000
2013-01-02 16:15:00,14.999997,19.999997,100.337201,100.012923,100.000000
2013-01-02 16:20:00,14.999997,19.999997,100.310871,100.011843,100.000000
2013-01-02 16:25:00,14.999997,19.999997,100.286579,100.010853,100.000000
2013-01-02 16:30:00,14.999997,19.999997,100.264169,100.009946,100.000000
2013-01-02 16:35:00,14.999997,19.999997,100.243496,100.009114,100.000000
2013-01-02 16:40:00,14.999997,19.999997,100.224429,100.008352,100.000000
2013-01-02 16:45:00,14.999997,19.999997,100.206844,100.007653,100.000000
2013-01-02 16:50:00,14.999997,19.999997,100.190626,100.007013,100.000000
2013-01-02 16:55:00,14.999997,19.999997,100.175672,100.006427,100.000000
2013-01-02 17:00:00,14.999997,19.999997,100.161882,100.005889,100.000000
2013-01-02 17:05:00,14.999997,19.999997,100.149169,100.005396,100.000000
2013-01-02 17:10:00,14.999997,19.999997,100.137447,100.004945,100.000000
2013-01-02 17:15:00,14.999997,19.999997,100.126641,100.004531,100.000000
2013-01-02 17:20:00,14.999997,19.999997,100.116680,100.004152,100.000000
2013-01-02 17:25:00,14.999997,19.999997,100.107498,100.003804,100.000000
2013-01-02 17:30:00,14.999997,19.999997,100.099034,100.003485,100.000000
2013-01-02 17:35:00,14.999997,19.999997,100.091234,100.003193,100.000000
2013-01-02 17:40:00,14.999997,19.999997,100.084044,100.002926,100.000000
2013-01-02 17:45:00,14.999997,19.999997,100.077419,100.002681,100.000000
2013-01-02 17:50:00,14.999997,19.999997,100.071313,100.002456,100.000000
2013-01-02 17:55:00,14.999997,19.999997,100.065686,100.002250,100.000000
2013-01-02 18:00:00,14.999997,19.999997,100.060502,100.002061,100.000000
2013-01-02 18:05:00,14.999997,19.999997,100.055724,100.001888,100.000000
2013-01-02 18:10:00,14.999997,19.999997,100.051323,100.001730,100.000000
2013-01-02 18:15:00,14.999997,19.999997,100.047267,100.001585,100.000000
2013-01-02 18:20:00,14.999997,19.999997,100.043531,100.001451,100.000000
2013-01-02 18:25:00,14.999997,19.999997,100.040088,100.001329,100.000000
2013-01-02 18:30:00,14.999997,19.999997,100.036917,100.001218,100.000000
2013-01-02 18:35:00,14.999997,19.999997,100.033996,100.001115,100.000000
2013-01-02 18:40:00,14.999997,19.999997,100.031304,100.001021,100.000000
2013-01-02 18:45:00,14.999997,19.999997,100.028825,100.000935,100.000000
2013-01-02 18:50:00,14.999997,19.999997,100.026542,100.000856,100.000000
2013-01-02 18:55:00,14.999997,19.999997,100.024439,100.000784,100.000000
2013-01-02 19:00:00,14.999997,19.999997,100.022501,100.000718,100.000000
2013-01-02 19:05:00,14.999997,19.999997,100.020717,100.000657,100.000000
2013-01-02 19:10:00,14.999997,19.999997,100.019074,100.000601,100.000000
2013-01-02 19:15:00,14.999997,19.999997,100.017560,100.000550,100.000000
2013-01-02 19:20:00,14.999997,19.999997,100.016166,100.000504,100.000000
2013-01-02 19:25:00,14.999997,19.999997,100.014883,100.000461,100.000000
2013-01-02 19:30:00,14.999997,19.999997,100.013701,100.000422,100.000000
2013-01-02 19:35:00,14.999997,19.999997,100.012612,100.000386,100.000000
2013-01-02 19:40:00,14.999997,19.999997,100.011609,100.000353,100.000000
2013-01-02 19:45:00,14.999997,19.999997,100.010686,100.000322,100.000000
2013-01-02 19:50:00,14.999997,19.999997,100.009836,100.000295,100.000000
2013-01-02 19:55:00,14.999997,19.999997,100.009053,100.000269,100.000000
2013-01-02 20:00:00,14.999997,19.999997,100.008333,100.000246,100.000000
2013-01-02 20:05:00,14.999997,19.999997,100.007669,100.000225,100.000000
2013-01-02 20:10:00,14.999997,19.999997,100.007058,100.000205,100.000000
2013-01-02 20:15:00,14.999997,19.999997,100.006496,100.000187,100.000000
2013-01-02 20:20:00,14.999997,19.999997,100.005978,100.000171,100.000000
2013-01-02 20:25:00,14.999997,19.999997,100.005501,100.000156,100.000000
2013-01-02 20:30:00,14.999997,19.999997,100.005062,100.000142,100.000000
2013-01-02 20:35:00,14.999997,19.999997,100.004658,100.000129,100.000000
2013-01-02 20:40:00,14.999997,19.999997,100.004286,100.000118,100.000000
2013-01-02 20:45:00,14.999997,19.999997,100.003943,100.000107,100.000000
2013-01-02 20:50:00,14.999997,19.999997,100.003628,100.000097,100.000000
2013-01-02 20:55:00,14.999997,19.999997,100.003337,100.000088,100.000000
2013-01-02 21:00:00,14.999997,19.999997,100.003070,100.000080,100.000000
2013-01-02 21:05:00,14.999997,19.999997,100.002824,100.000072,100.000000
2013-01-02 21:10:00,14.999997,19.999997,100.002598,100.000065,100.000000
2013-01-02 21:15:00,14.999997,19.999997,100.002389,100.000059,100.000000
2013-01-02 21:20:00,14.999997,19.999997,100.002197,100.000053,100.000000
2013-01-02 21:25:00,14.999997,19.999997,100.002021,100.000048,100.000000
2013-01-02 21:30:00,14.999997,19.999997,100.001858,100.000043,100.000000
2013-01-02 21:35:00,14.999997,19.999997,100.001708,100.000038,100.000000
2013-01-02 21:40:00,14.999997,19.999997,100.001571,100.000034,100.000000
2013-01-02 21:45:00,14.999997,19.999997,100.001444,100.000030,100.000000
2013-01-02 21:50:00,14.999997,19.999997,100.001327,100.000026,100.000000
2013-01-02 21:55:00,14.999997,19.999997,100.001220,100.000023,100.000000
2013-01-02 22:00:00,14.999997,19.999997,100.001121,100.000020,100.000000
2013-01-02 22:05:00,14.999997,19.999997,100.001030,100.000017,100.000000
2013-01-02 22:10:00,14.999997,19.999997,100.000946,100.000015,100.000000
2013-01-02 22:15:00,14.999997,19.999997,100.000869,100.000012,100.000000
2013-01-02 22:20:00,14.999997,19.999997,100.000798,100.000010,100.000000
2013-01-02 22:25:00,14.999997,19.999997,100.000732,100.000008,100.000000
2013-01-02 22:30:00,14.999997,19.999997,100.000672,100.000006,100.000000
2013-01-02 22:35:00,14.999997,19.999997,100.000616,100.000004,100.000000
2013-01-02 22:40:00,14.999997,19.999997,100.000565,100.000002,100.000000
2013-01-02 22:45:00,14.999997,19.999997,100.000518,100.000001,100.000000
2013-01-02 22:50:00,14.999997,19.999997,100.000475,99.999999,100.000000
2013-01-02 22:55:00,14.999997,19.999997,100.000435,99.999998,100.000000
2013-01-02 23:00:00,14.999997,19.999997,100.000399,99.999997,100.000000
2013-01-02 23:05:00,14.999997,19.999997,100.000365,99.999995,100.000000
2013-01-02 23:10:00,14.999997,19.999997,100.000334,99.999994,100.000000
2013-01-02 23:15:00,14.999997,19.999997,100.000305,99.999993,100.000000
2013-01-02 23:20:00,14.999997,19.999997,100.000278,99.999992,100.000000
2013-01-02 23:25:00,14.999997,19.999997,100.000254,99.999991,100.000000
2013-01-02 23:30:00,14.999997,19.999997,100.000232,99.999990,100.000000
2013-01-02 23:35:00,14.999997,19.999997,100.000211,99.999989,100.000000
2013-01-02 23:40:00,14.999997,19.999997,100.000192,99.999988,100.000000
2013-01-02 23:45:00,14.999997,19.999997,100.000174,99.999987,100.000000
2013-01-02 23:50:00,14.999997,19.999997,100.000158,99.999986,100.000000
2013-01-02 23:55:00,14.999997,19.999997,100.000143,99.999985,100.000000
2013-01-03 00:00:00,14.999997,19.999997,100.000129,99.999985,100.000000
2013-01-03 00:05:00,14.999997,19.999997,100.000116,99.999984,100.000000
2013-01-03 00:10:00,14.999997,19.999997,100.000104,99.999983,100.000000
2013-01-03 00:15:00,14.999997,19.999997,100.000093,99.999982,100.000000
2013-01-03 00:20:00,14.999997,19.999997,100.000083,99.999981,100.000000
2013-01-03 00:25:00,14.999997,19.999997,100.000074,99.999981,100.000000
2013-01-03 00:30:00,14.999997,19.999997,100.000065,99.999980,100.000000
2013-01-03 00:35:00,14.999997,19.999997,100.000057,99.999979,100.000000
2013-01-03 00:40:00,14.999997,19.999997,100.000049,99.999978,100.000000
2013-01-03 00:45:00,14.999997,19.999997,100.000042,99.999977,100.000000
2013-01-03 00:50:00,14.999997,19.999997,100.000036,99.999976,100.000000
2013-01-03 00:55:00,14.999997,19.999997,100.000029,99.999976,100.000000
2013-01-03 01:00:00,14.999997,19.999997,100.000024,99.999975,100.000000
2013-01-03 01:05:00,14.999997,19.999997,100.000018,99.999974,100.000000
2013-01-03 01:10:00,14.999997,19.999997,100.000013,99.999973,100.000000
2013-01-03 01:15:00,14.999997,19.999997,100.000009,99.999972,100.000000
2013-01-03 01:20:00,14.999997,19.999997,100.000004,99.999971,100.000000
2013-01-03 01:25:00,14.999997,19.999997,100.000000,99.999970,100.000000
2013-01-03 01:30:00,14.999997,19.999997,99.999996,99.999969,100.000000
2013-01-03 01:35:00,14.999997,19.999997,99.999992,99.999968,100.000000
2013-01-03 01:40:00,14.999997,19.999997,99.999989,99.999967,100.000000
2013-01-03 01:45:00,14.999997,19.999997,99.999986,99.999966,100.000000
2013-01-03 01:50:00,14.999997,19.999997,99.999982,99.999965,100.000000
2013-01-03 01:55:00,14.999997,19.999997,99.999979,99.999964,100.000000
2013-01-03 02:00:00,14.999997,19.999997,99.999976,99.999963,100.000000
2013-01-03 02:05:00,14.999997,19.999998,99.999973,99.999962,100.000000
2013-01-03 02:10:00,14.999997,19.999998,99.999971,99.999961,100.000000
2013-01-03 02:15:00,14.999997,19.999998,99.999968,99.999959,100.000000
2013-01-03 02:20:00,14.999997,19.999998,99.999965,99.999958,100.000000
2013-01-03 02:25:00,14.999997,19.999998,99.999963,99.999957,100.000000
2013-01-03 02:30:00,14.999997,19.999998,99.999960,99.999955,100.000000
2013-01-03 02:35:00,14.999997,19.999998,99.999958,99.999954,100.000000
2013-01-03 02:40:00,14.999997,19.999998,99.999955,99.999953,100.000000
2013-01-03 02:45:00,14.999997,19.999998,99.999953,99.999951,100.000000
2013-01-03 02:50:00,14.999997,19.999998,99.999950,99.999950,100.000000
2013-01-03 02:55:00,14.999997,19.999998,99.999948,99.999948,100.000000
2013-01-03 03:00:00,14.999997,19.999998,99.999946,99.999947,100.000000
2013-01-03 03:05:00,14.999997,19.999998,99.999943,99.999945,100.000000
2013-01-03 03:10:00,14.999997,19.999998,99.999941,99.999943,100.000000
2013-01-03 03:15:00,14.999997,19.999998,99.999938,99.999942,100.000000
2013-01-03 03:20:00,14.999997,19.999998,99.999936,99.999940,100.000000
2013-01-03 03:25:00,14.999997,19.999998,99.999933,99.999938,100.000000
2013-01-03 03:30:00,14.999997,19.999998,99.999931,99.999936,100.000000
2013-01-03 03:35:00,14.999997,19.999998,99.999928,99.999934,100.000000
2013-01-03 03:40:00,14.999997,19.999998,99.999926,99.999932,100.000000
2013-01-03 03:45:00,14.999997,19.999998,99.999923,99.999930,100.000000
2013-01-03 03:50:00,14.999997,19.999998,99.999921,99.999928,100.000000
2013-01-03 03:55:00,14.999998,19.999998,99.999918,99.999926,100.000000
2013-01-03 04:00:00,14.999998,19.999998,99.999915,99.999923,100.000000
2013-01-03 04:05:00,14.999998,19.999998,99.999912,99.999921,100.000000
2013-01-03 04:10:00,14.999998,19.999998,99.999909,99.999919,100.000000
2013-01-03 04:15:00,14.999998,19.999998,99.999906,99.999916,100.000000
2013-01-03 04:20:00,14.999998,19.999998,99.999903,99.999914,100.000000
2013-01-03 04:25:00,14.999998,19.999998,99.999900,99.999911,100.000000
2013-01-03 04:30:00,14.999998,19.999998,99.999897,99.999908,100.000000
2013-01-03 04:35:00,14.999998,19.999998,99.999894,99.999906,100.000000
2013-01-03 04:40:00,14.999998,19.999998,99.999890,99.999903,100.000000
2013-01-03 04:45:00,14.999998,19.999998,99.999887,99.999900,100.000000
2013-01-03 04:50:00,14.999998,19.999998,99.999884,99.999897,100.000000
2013-01-03 04:55:00,14.999998,19.999999,99.999880,99.999894,100.000000
2013-01-03 05:00:00,14.999998,19.999999,99.999876,99.999891,100.000000
2013-01-03 05:05:00,14.999998,19.999999,99.999872,99.999888,100.000000
2013-01-03 05:10:00,14.999998,19.999999,99.999868,99.999884,100.000000
2013-01-03 05:15:00,14.999998,19.999999,99.999864,99.999881,100.000000
2013-01-03 05:20:00,14.999998,19.999999,99.999860,99.999877,100.000000
2013-01-03 05:25:00,14.999998,19.999999,99.999856,99.999874,100.000000
2013-01-03 05:30:00,14.999998,19.999999,99.999852,99.999870,100.000000
2013-01-03 05:35:00,14.999998,19.999999,99.999847,99.999867,100.000000
2013-01-03 05:40:00,14.999998,19.999999,99.999842,99.999863,100.000000
2013-01-03 05:45:00,14.999998,19.999999,99.999838,99.999859,100.000000
2013-01-03 05:50:00,14.999998,19.999999,99.999833,99.999855,100.000000
2013-01-03 05:55:00,14.999998,19.999999,99.999828,99.999851,100.000000
2013-01-03 06:00:00,14.999998,19.999999,99.999823,99.999847,100.000000
2013-01-03 06:05:00,14.999998,19.999999,99.999817,99.999843,100.000000
2013-01-03 06:10:00,14.999998,19.999999,99.999812,99.999839,100.000000
2013-01-03 06:15:00,14.999998,20.000000,99.999806,99.999835,100.000000
2013-01-03 06:20:00,14.999998,20.000000,99.999801,99.999831,100.000000
2013-01-03 06:25:00,14.999998,20.000000,99.999795,99.999826,100.000000
2013-01-03 06:30:00,14.999998,20.000000,99.999789,99.999822,100.000000
2013-01-03 06:35:00,14.999998,20.000000,99.999783,99.999817,100.000000
2013-01-03 06:40:00,14.999998,20.000000,99.999776,99.999813,100.000000
2013-01-03 06:45:00,14.999999,20.000000,99.999770,99.999809,100.000000
2013-01-03 06:50:00,14.999999,20.000000,99.999763,99.999804,100.000000
2013-01-03 06:55:00,14.999999,20.000000,99.999757,99.999800,100.000000
2013-01-03 07:00:00,14.999999,20.000000,99.999750,99.999795,100.000000
2013-01-03 07:05:00,14.999999,20.000000,99.999743,99.999791,100.000000
2013-01-03 07:10:00,14.999999,20.000000,99.999736,99.999786,100.000000
2013-01-03 07:15:00,14.999999,20.000001,99.999728,99.999782,100.000000
2013-01-03 07:20:00,14.999999,20.000001,99.999721,99.999777,100.000000
2013-01-03 07:25:00,14.999999,20.000001,99.999713,99.999773,100.000000
2013-01-03 07:30:00,14.999999,20.000001,99.999706,99.999769,100.000000
2013-01-03 07:35:00,14.999999,20.000001,99.999698,99.999764,100.000000
2013-01-03 07:40:00,14.999999,20.000001,99.999690,99.999760,100.000000
2013-01-03 07:45:00,14.999999,20.000001,99.999681,99.999756,100.000000
2013-01-03 07:50:00,14.999999,20.000001,99.999673,99.999752,100.000000
2013-01-03 07:55:00,14.999999,20.000001,99.999665,99.999749,100.000000
2013-01-03 08:00:00,14.999999,20.000001,99.999656,99.999745,100.000000
2013-01-03 08:05:00,14.999999,20.000002,99.999648,99.999742,100.000000
2013-01-03 08:10:00,15.000000,20.000002,99.999639,99.999738,100.000000
2013-01-03 08:15:00,15.000000,20.000002,99.999630,99.999735,100.000000
2013-01-03 08:20:00,15.000000,20.000002,99.999621,99.999733,100.000000
2013-01-03 08:25:00,15.000000,20.000002,99.999612,99.999730,100.000000
2013-01-03 08:30:00,15.000000,20.000002,99.999603,99.999728,100.000000
2013-01-03 08:35:00,15.000000,20.000002,99.999594,99.999726,100.000000
2013-01-03 08:40:00,15.000000,20.000002,99.999585,99.999724,100.000000
2013-01-03 08:45:00,15.000000,20.000002,99.999576,99.999722,100.000000
2013-01-03 08:50:00,15.000000,20.000002,99.999567,99.999721,100.000000
2013-01-03 08:55:00,15.000000,20.000003,99.999557,99.999720,100.000000
2013-01-03 09:00:00,15.000000,20.000003,99.999548,99.999719,100.000000
2013-01-03 09:05:00,15.000000,20.000003,99.999539,99.999719,100.000000
2013-01-03 09:10:00,15.000001,20.000003,99.999530,99.999719,100.000000
2013-01-03 09:15:00,15.000001,20.000003,99.999521,99.999719,100.000000
2013-01-03 09:20:00,15.000001,20.000003,99.999513,99.999719,100.000000
2013-01-03 09:25:00,15.000001,20.000003,99.999504,99.999720,100.000000
2013-01-03 09:30:00,15.000001,20.000003,99.999496,99.999721,100.000000
2013-01-03 09:35:00,15.000001,20.000003,99.999488,99.999724,100.000000
2013-01-03 09:40:00,15.000001,20.000003,99.999481,99.999726,100.000000
2013-01-03 09:45:00,15.000001,20.000003,99.999474,99.999730,100.000000
2013-01-03 09:50:00,15.000001,20.000004,99.999467,99.999734,100.000000
2013-01-03 09:55:00,15.000002,20.000004,99.999461,99.999740,100.000000
2013-01-03 10:00:00,15.000002,20.000004,99.999455,99.999745,100.000000
2013-01-03 10:05:00,15.000002,20.000004,99.999449,99.999752,100.000000
2013-01-03 10:10:00,15.000002,20.000004,99.999443,99.999758,100.000000
2013-01-03 10:15:00,15.000002,20.000004,99.999437,99.999764,100.000000
2013-01-03 10:20:00,15.000002,20.000004,99.999430,99.999769,100.000000
2013-01-03 10:25:00,15.000002,20.000004,99.999423,99.999772,100.000000
2013-01-03 10:30:00,15.000002,20.000004,99.999416,99.999773,100.000000
2013-01-03 10:35:00,15.000003,20.000004,99.999410,99.999773,100.000000
2013-01-03 10:40:00,15.000003,20.000004,99.999407,99.999773,100.000000
2013-01-03 10:45:00,15.000003,20.000004,99.999407,99.999774,100.000000
2013-01-03 10:50:00,15.000003,20.000004,99.999409,99.999775,100.000000
2013-01-03 10:55:00,15.000003,20.000004,99.999406,99.999767,100.000000
2013-01-03 11:00:00,15.000003,20.000005,99.999375,99.999727,100.000000
2013-01-03 11:05:00,15.000004,20.000005,99.999280,99.999619,100.000000
2013-01-03 11:10:00,15.000004,20.000006,99.999090,99.999418,100.000000
2013-01-03 11:15:00,15.000005,20.000006,99.998869,99.999201,100.000000
2013-01-03 11:20:00,15.000006,20.000007,99.998968,99.999338,100.000000
2013-01-03 11:25:00,15.000002,20.000004,100.001282,100.001508,100.000000
